,mean_fit_time,std_fit_time,mean_score_time,std_score_time,param_gamma,param_learning_rate,param_max_depth,param_n_estimators,params,split0_test_r2,split1_test_r2,split2_test_r2,split3_test_r2,split4_test_r2,mean_test_r2,std_test_r2,rank_test_r2,split0_test_neg_root_mean_squared_error,split1_test_neg_root_mean_squared_error,split2_test_neg_root_mean_squared_error,split3_test_neg_root_mean_squared_error,split4_test_neg_root_mean_squared_error,mean_test_neg_root_mean_squared_error,std_test_neg_root_mean_squared_error,rank_test_neg_root_mean_squared_error
22,0.885569429397583,0.004318950954998159,0.005983924865722657,1.9073486328124998e-07,0.01,0.01,6,300,"{'gamma': 0.01, 'learning_rate': 0.01, 'max_depth': 6, 'n_estimators': 300}",0.4081494190072662,0.4713740111165996,0.42321781256518765,0.4259015084354577,0.4269156791298755,0.43111168605087735,0.02123857900591933,1,-0.250609473220471,-0.24087299495347506,-0.2534257217313782,-0.24613570164990206,-0.2505399050951425,-0.24831675933007377,0.004392426472747417,1
82,0.8912532329559326,0.012300703537206768,0.005984258651733398,6.975526255763909e-07,0.1,0.01,6,300,"{'gamma': 0.1, 'learning_rate': 0.01, 'max_depth': 6, 'n_estimators': 300}",0.4064216357459054,0.4709375942896695,0.42462968525567524,0.42429227094144384,0.42558340855172727,0.43037291895688423,0.021503745142938634,2,-0.2509750074575109,-0.2409724029878572,-0.2531153583963267,-0.24648042788280355,-0.2508309557882717,-0.248474830502554,0.0043266793438831485,2
23,1.1483980655670165,0.009832440863812646,0.006582784652709961,0.0004887530489406031,0.01,0.01,6,400,"{'gamma': 0.01, 'learning_rate': 0.01, 'max_depth': 6, 'n_estimators': 400}",0.40814819867635943,0.46982317199783896,0.4198519518042839,0.42329409695038567,0.422397350754636,0.42870295403670083,0.02126371040690786,3,-0.25060973158494493,-0.24122606280849662,-0.25416408960835857,-0.24669401178069453,-0.2515256230728898,-0.24884390377107687,0.004500392874552942,3
83,1.1419858455657959,0.004890587850273215,0.006582307815551758,0.0004887529093770494,0.1,0.01,6,400,"{'gamma': 0.1, 'learning_rate': 0.01, 'max_depth': 6, 'n_estimators': 400}",0.4056581621255666,0.46983269633904945,0.42118494276857477,0.42252933804180903,0.4220590286739694,0.4282528335897939,0.021727774235328685,4,-0.25113636039297144,-0.24122389605060734,-0.25387192860573216,-0.24685752574729133,-0.25159927596807097,-0.24893779735293467,0.004474250827456359,4
84,1.375180196762085,0.013779904391520093,0.006782007217407226,0.0003983737001356738,0.1,0.01,6,500,"{'gamma': 0.1, 'learning_rate': 0.01, 'max_depth': 6, 'n_estimators': 500}",0.4057520936759348,0.46865460700712225,0.42066278044176963,0.4196898576353322,0.4218893583678984,0.42732973942561153,0.02147441900793935,5,-0.2511165144404408,-0.24149176017595386,-0.25398641463359917,-0.24746369295978327,-0.2516362051663925,-0.24913891747523392,0.004357314682385609,5
21,0.5960506916046142,0.0011947428565622499,0.005386161804199219,0.000488772424627147,0.01,0.01,6,200,"{'gamma': 0.01, 'learning_rate': 0.01, 'max_depth': 6, 'n_estimators': 200}",0.40510489067108146,0.46182115623685027,0.4231641848339166,0.4225274638637473,0.42159591318388734,0.42684272175789656,0.01873876337309248,6,-0.2512532243333131,-0.2430396706191571,-0.25343750289496736,-0.24685792633438106,-0.2517000615108638,-0.2492576771385365,0.0037905356449974646,6
81,0.5974306106567383,0.0038378214568027284,0.005784797668457031,0.0007464294614267052,0.1,0.01,6,200,"{'gamma': 0.1, 'learning_rate': 0.01, 'max_depth': 6, 'n_estimators': 200}",0.4044901887050977,0.46116896585511524,0.42370070754845435,0.41989614807448994,0.42187862257703423,0.4262269265520383,0.01875526682790351,7,-0.2513830001308575,-0.24318688947081793,-0.2533196126685005,-0.2474197044717536,-0.251638541657832,-0.2493895496799523,0.003655967410275429,7
91,0.34479379653930664,0.0020334970266075603,0.004787635803222656,0.00039861254646695313,0.1,0.1,3,200,"{'gamma': 0.1, 'learning_rate': 0.1, 'max_depth': 3, 'n_estimators': 200}",0.41610465133895524,0.4565324984404254,0.4219499422732679,0.4054939054059177,0.4257076228137011,0.42515772405445346,0.017109018731688692,8,-0.2489195185423613,-0.24423092080253736,-0.2537041063364147,-0.2504722198494373,-0.25080383395103034,-0.24962611989635622,0.0031093513042399377,8
92,0.5122521877288818,0.004349006424392568,0.004787588119506836,0.0003994230262585123,0.1,0.1,3,300,"{'gamma': 0.1, 'learning_rate': 0.1, 'max_depth': 3, 'n_estimators': 300}",0.4161046503818797,0.4565325011807597,0.4219499445779006,0.40549390146840225,0.42570761262326406,0.4251577220464412,0.01710902059119936,9,-0.248919518746366,-0.24423092018679274,-0.25370410583066716,-0.25047222067889746,-0.2508038361762041,-0.2496261203237855,0.003109351589695639,9
93,0.6737296104431152,0.00517069477888668,0.004986763000488281,4.76837158203125e-07,0.1,0.1,3,400,"{'gamma': 0.1, 'learning_rate': 0.1, 'max_depth': 3, 'n_estimators': 400}",0.4161046378483897,0.45653249353097725,0.42194993287033866,0.40549389800188196,0.42570760618097325,0.4251577136865121,0.017109020306368412,10,-0.24891952141793228,-0.2442309219056751,-0.25370410839987073,-0.2504722214091398,-0.25080383758293634,-0.24962612214311086,0.003109351691988221,10
94,0.8357152462005615,0.005695432097280669,0.004986953735351562,3.162979879718208e-07,0.1,0.1,3,500,"{'gamma': 0.1, 'learning_rate': 0.1, 'max_depth': 3, 'n_estimators': 500}",0.41610462818399885,0.4565324863453918,0.42194992202517134,0.40549389482800324,0.4257076006455759,0.4251577064056282,0.017109019794380384,11,-0.248919523477938,-0.24423092352025386,-0.2537041107798233,-0.25047222207773545,-0.2508038387916402,-0.24962612372947818,0.003109351790275275,11
90,0.1804253101348877,0.0016203758806073152,0.004587888717651367,0.0004881300496528535,0.1,0.1,3,100,"{'gamma': 0.1, 'learning_rate': 0.1, 'max_depth': 3, 'n_estimators': 100}",0.41321055626311975,0.455645256267349,0.4236353727283896,0.40549513289229977,0.4258520027496885,0.4247676641801693,0.01709316104654502,12,-0.24953564461090116,-0.24443020006381172,-0.2533339716330806,-0.2504719612722751,-0.25077230530889216,-0.24970881657779218,0.002924001645435969,12
24,1.394728422164917,0.014292478587252883,0.00728302001953125,0.0008690424305325835,0.01,0.01,6,500,"{'gamma': 0.01, 'learning_rate': 0.01, 'max_depth': 6, 'n_estimators': 500}",0.4071999305292474,0.4661452022232063,0.4106942323764433,0.42094905380950176,0.415817328211215,0.4241611494299228,0.02150180644167196,13,-0.2508104153645258,-0.24206133956387757,-0.256162243343655,-0.24719506543470504,-0.2529542499879265,-0.24983666273893798,0.004860333346840097,13
30,0.18062548637390136,0.0004888506173726121,0.004388046264648437,0.0004885584586378531,0.01,0.1,3,100,"{'gamma': 0.01, 'learning_rate': 0.1, 'max_depth': 3, 'n_estimators': 100}",0.4115366868882252,0.4547117555524518,0.4281195343355264,0.40187460134407094,0.4238585555478487,0.42402022673362455,0.017916851802648473,14,-0.24989130252826902,-0.24463969399184946,-0.2523465683676639,-0.2512334900761619,-0.25120726997725285,-0.24986366498823945,0.0027253308472295085,14
95,0.2666014671325684,0.0027272717816621025,0.004986715316772461,5.519789172549355e-07,0.1,0.1,6,100,"{'gamma': 0.1, 'learning_rate': 0.1, 'max_depth': 6, 'n_estimators': 100}",0.3991164551220415,0.45477281213644993,0.4157312622222846,0.4219438063753481,0.40647844980451175,0.4196085571321272,0.019231940089763953,15,-0.25251466198468453,-0.2446259973072742,-0.2550651338697703,-0.24698264576321935,-0.2549681257081096,-0.2508313129266116,0.004270604282519659,15
97,0.7367668151855469,0.019206920863807528,0.004888916015625,0.00019605237318616407,0.1,0.1,6,300,"{'gamma': 0.1, 'learning_rate': 0.1, 'max_depth': 6, 'n_estimators': 300}",0.39911528452030776,0.45477363480295063,0.41573125262117516,0.4219439273199197,0.4064784257093105,0.41960850499473273,0.01923249700527168,16,-0.2525149079507787,-0.24462581275513373,-0.255065135965474,-0.24698261992558268,-0.25496813088358156,-0.2508313214961101,0.0042706833816831885,16
96,0.5095607757568359,0.011459106081663395,0.004987049102783203,6.289914111267528e-07,0.1,0.1,6,200,"{'gamma': 0.1, 'learning_rate': 0.1, 'max_depth': 6, 'n_estimators': 200}",0.3991152833907641,0.45477363230435763,0.41573125460783944,0.4219439277254141,0.4064784260005433,0.4196085048057837,0.019232496222273368,17,-0.2525149081881176,-0.24462581331565353,-0.25506513553183036,-0.24698261983895606,-0.2549681308210269,-0.2508313215391169,0.004270683155018145,17
98,0.9492041587829589,0.0029840455317349177,0.00498652458190918,4.523674478771752e-07,0.1,0.1,6,400,"{'gamma': 0.1, 'learning_rate': 0.1, 'max_depth': 6, 'n_estimators': 400}",0.3991152840096317,0.4547736339965579,0.41573125262117516,0.4219439273199197,0.406478425418075,0.41960850467307187,0.019232496858982165,18,-0.2525149080580816,-0.2446258129360352,-0.255065135965474,-0.24698261992558268,-0.2549681309461368,-0.25083132156626203,0.0042706833496905195,18
99,1.1714170455932618,0.0064664032462435905,0.0051863670349121095,0.0003993273457524769,0.1,0.1,6,500,"{'gamma': 0.1, 'learning_rate': 0.1, 'max_depth': 6, 'n_estimators': 500}",0.39911528349895287,0.45477363319015984,0.41573125262117516,0.4219439273199197,0.40647842512683685,0.41960850435140884,0.019232496712691668,19,-0.2525149081653851,-0.24462581311693785,-0.255065135965474,-0.24698261992558268,-0.2549681310086926,-0.2508313216364144,0.004270683317697661,19
31,0.35177364349365237,0.0022208597174840413,0.00518641471862793,0.00039870765714882216,0.01,0.1,3,200,"{'gamma': 0.01, 'learning_rate': 0.1, 'max_depth': 3, 'n_estimators': 200}",0.4073439615299619,0.4532024413981023,0.41589074891262945,0.3985425891558608,0.4114390028455278,0.41728374876841645,0.018848259429964473,20,-0.2507799441555063,-0.24497803156304285,-0.2550303191793529,-0.25193229876265516,-0.25390039975679657,-0.2513241986834708,0.0035017703213693816,20
19,0.8709064960479737,0.001283905885381423,0.005186319351196289,0.0003987552553013956,0.01,0.01,3,500,"{'gamma': 0.01, 'learning_rate': 0.01, 'max_depth': 3, 'n_estimators': 500}",0.39096767860067694,0.42854164662610206,0.4188566243722064,0.3823282876096924,0.4084408378710662,0.40582701501594887,0.01712044010821774,21,-0.25422111262517155,-0.2504414156476013,-0.2543820237029489,-0.255305555583656,-0.25454627019848686,-0.2537792755515729,0.0017098330676919788,21
79,0.8724046230316163,0.002156375645997743,0.005686283111572266,0.00039798984245276273,0.1,0.01,3,500,"{'gamma': 0.1, 'learning_rate': 0.01, 'max_depth': 3, 'n_estimators': 500}",0.3910417195999948,0.4287102881446212,0.4176076471804252,0.3818814921641792,0.409500314311235,0.4057482922800911,0.017134075112621702,22,-0.25420565912896237,-0.2504044593787883,-0.25465523237639587,-0.25539787706809514,-0.2543182231553047,-0.2537962902215093,0.0017462746294899319,22
32,0.5226248741149903,0.0019448172833619732,0.00518651008605957,0.00039842135530564475,0.01,0.1,3,300,"{'gamma': 0.01, 'learning_rate': 0.1, 'max_depth': 3, 'n_estimators': 300}",0.39703777836193876,0.4449542876413738,0.4000640982820157,0.38767411570866817,0.3977597337572818,0.4054980027502556,0.02017658488525052,23,-0.2529510553550186,-0.24681879821506728,-0.25846229609124627,-0.2541983448308459,-0.25683401437405173,-0.25385290177324593,0.004013597365276992,23
86,0.8924522399902344,0.007256584296173133,0.0065821647644042965,0.0004889280814438333,0.1,0.01,9,200,"{'gamma': 0.1, 'learning_rate': 0.01, 'max_depth': 9, 'n_estimators': 200}",0.38611787410650034,0.4381766539551393,0.3922381464602098,0.3958527116148902,0.3950460720562049,0.4014862916385889,0.01866072231052947,24,-0.2552313036234138,-0.24832117139320142,-0.26014260873114375,-0.25249502442935823,-0.2574120040192365,-0.25472042243927073,0.00406960748531943,24
87,1.319724941253662,0.0030204182843921153,0.0070831298828125,0.0002031567720384792,0.1,0.01,9,300,"{'gamma': 0.1, 'learning_rate': 0.01, 'max_depth': 9, 'n_estimators': 300}",0.38285536210173066,0.4428934974134765,0.38700507529123906,0.396486200593148,0.3896264682438306,0.399773320728685,0.022010719329984118,25,-0.25590862564947875,-0.24727657178710757,-0.26126017385661854,-0.25236261071963045,-0.2585624721990022,-0.25507409084236754,0.004884389496466097,25
33,0.6893912792205811,0.004101195062926985,0.005385255813598633,0.0004887334677845756,0.01,0.1,3,400,"{'gamma': 0.01, 'learning_rate': 0.1, 'max_depth': 3, 'n_estimators': 400}",0.3871015171974457,0.4449545421894372,0.387403459335415,0.37714258405698353,0.3935247425464561,0.3980253690651475,0.024045162277770468,26,-0.2550267389786369,-0.24681874161859882,-0.2611752638544383,-0.2563750328641925,-0.25773546880393716,-0.2554262492239608,0.004765136940287127,26
26,0.8933589935302735,0.003444157036679057,0.006383085250854492,0.0004884027398856699,0.01,0.01,9,200,"{'gamma': 0.01, 'learning_rate': 0.01, 'max_depth': 9, 'n_estimators': 200}",0.37746267776470177,0.43849279236434735,0.38488324934060913,0.39212284090115523,0.39079692639199426,0.39675169735256155,0.021504097083563985,27,-0.2570242740127986,-0.24825129630942036,-0.2617119473673692,-0.2532732491350417,-0.25831444229550327,-0.25571504182402666,0.004606597366251752,27
18,0.7008585453033447,0.0011633534086063,0.0055850505828857425,0.0004886944799204637,0.01,0.01,3,400,"{'gamma': 0.01, 'learning_rate': 0.01, 'max_depth': 3, 'n_estimators': 400}",0.37962954330959053,0.41742917603188934,0.4109553440514573,0.3748980462495052,0.3996260679128333,0.39650763551105506,0.016781037541772032,28,-0.25657657192202815,-0.2528647097390655,-0.25610548642146075,-0.2568365558005724,-0.2564357430674998,-0.25576381339012527,0.0014686309707764957,28
78,0.70235276222229,0.0024573626059142288,0.005384206771850586,0.0004866752438978073,0.1,0.01,3,400,"{'gamma': 0.1, 'learning_rate': 0.01, 'max_depth': 3, 'n_estimators': 400}",0.3797177047101201,0.41731233707998394,0.4103651709085949,0.3745605777151799,0.39976899893348294,0.3963449578694724,0.01672690161482231,29,-0.25655834011119694,-0.25289006542566417,-0.25623375236718937,-0.256905874541826,-0.25640521642213693,-0.25579864977360267,0.0014710660332924632,29
88,1.6846396446228027,0.011098151048190853,0.0075798511505126955,0.0004886555540883141,0.1,0.01,9,400,"{'gamma': 0.1, 'learning_rate': 0.01, 'max_depth': 9, 'n_estimators': 400}",0.3807411776929073,0.4397710940140437,0.37949858310360696,0.3959815856771577,0.38037205496497806,0.3952728990905387,0.023076510634914036,30,-0.2563465906091636,-0.2479685565211943,-0.2628549505820138,-0.25246809242483126,-0.26051524534551374,-0.2560306870965433,0.0053753448269987115,30
89,1.9890080451965333,0.00644991156657643,0.007579708099365234,0.0004888310168680151,0.1,0.01,9,500,"{'gamma': 0.1, 'learning_rate': 0.01, 'max_depth': 9, 'n_estimators': 500}",0.3807706580229375,0.43956613880591566,0.3794733213959416,0.39602450068292916,0.38023769580125444,0.39521446294179563,0.023014942558175825,31,-0.2563404887404742,-0.24801391101751974,-0.2628603011720023,-0.25245912344156685,-0.2605434886756524,-0.2560434626094431,0.005368965135755751,31
34,0.8568471431732178,0.006630287058641801,0.00578455924987793,0.000399017390967779,0.01,0.1,3,500,"{'gamma': 0.01, 'learning_rate': 0.1, 'max_depth': 3, 'n_estimators': 500}",0.37015398944456546,0.44495453221681036,0.3853064893749889,0.3771429218537491,0.3935247353888288,0.39421653365578846,0.026550804981356167,32,-0.2585286247307542,-0.24681874383592278,-0.2616218945166318,-0.25637496334373217,-0.25773547032483546,-0.25621593935037523,0.0050042863922411035,32
101,0.6562469482421875,0.009892550393319106,0.004787158966064453,0.0003989697784965257,0.1,0.1,9,200,"{'gamma': 0.1, 'learning_rate': 0.1, 'max_depth': 9, 'n_estimators': 200}",0.37836916012333177,0.43988122059608414,0.37672714605089996,0.3914366138968506,0.3727781199194271,0.3918384521173187,0.0248247406367355,33,-0.2568370781310433,-0.24794418320572242,-0.26344131050414166,-0.2534161677469272,-0.2621067740098016,-0.2567491027195272,0.005694437453098882,33
104,1.5431384086608886,0.022081565063550457,0.005088329315185547,0.0002027753589431869,0.1,0.1,9,500,"{'gamma': 0.1, 'learning_rate': 0.1, 'max_depth': 9, 'n_estimators': 500}",0.37836916012333177,0.43988122059608414,0.3767271447227306,0.3914366136629307,0.372778118876376,0.39183845159629066,0.024824740959359392,34,-0.2568370781310433,-0.24794418320572242,-0.26344131078483307,-0.2534161677956313,-0.2621067742277394,-0.2567491028289939,0.005694437554382179,34
103,1.2506181716918945,0.018028993306591416,0.005088424682617188,0.00048719644181900864,0.1,0.1,9,400,"{'gamma': 0.1, 'learning_rate': 0.1, 'max_depth': 9, 'n_estimators': 400}",0.37836916012333177,0.43988122059608414,0.3767271447227306,0.3914366136629307,0.372778118876376,0.39183845159629066,0.024824740959359392,34,-0.2568370781310433,-0.24794418320572242,-0.26344131078483307,-0.2534161677956313,-0.2621067742277394,-0.2567491028289939,0.005694437554382179,34
102,0.9477085590362548,0.009890854396021857,0.005186128616333008,0.0003986121471778341,0.1,0.1,9,300,"{'gamma': 0.1, 'learning_rate': 0.1, 'max_depth': 9, 'n_estimators': 300}",0.37836916012333177,0.43988122059608414,0.3767271447227306,0.3914366136629307,0.372778118876376,0.39183845159629066,0.024824740959359392,34,-0.2568370781310433,-0.24794418320572242,-0.26344131078483307,-0.2534161677956313,-0.2621067742277394,-0.2567491028289939,0.005694437554382179,34
100,0.3539710521697998,0.002004999808019446,0.004986906051635742,2.86102294921875e-07,0.1,0.1,9,100,"{'gamma': 0.1, 'learning_rate': 0.1, 'max_depth': 9, 'n_estimators': 100}",0.37836880588839816,0.4398811987885056,0.3767270153845339,0.39143647553234695,0.3727783144211546,0.39183836200298783,0.024824757124709485,37,-0.25683715131004803,-0.24794418803243273,-0.26344133811878645,-0.2534161965555945,-0.26210673337009666,-0.25674912147739165,0.005694431657753841,37
27,1.3220105648040772,0.011889491040839468,0.00738072395324707,0.000488519866388522,0.01,0.01,9,300,"{'gamma': 0.01, 'learning_rate': 0.01, 'max_depth': 9, 'n_estimators': 300}",0.37518606248310327,0.43928381491583357,0.3746144771724669,0.39134185881666483,0.3781585505694657,0.39171695279150687,0.02454523312314491,38,-0.25749381324902954,-0.24807637283583509,-0.2638874180270259,-0.25343589579433656,-0.26098015139776115,-0.25677473026079767,0.005578569924808097,38
35,0.2775688648223877,0.0014284415002884918,0.0051860809326171875,0.0003982787894399549,0.01,0.1,6,100,"{'gamma': 0.01, 'learning_rate': 0.1, 'max_depth': 6, 'n_estimators': 100}",0.3817774900395128,0.43476230494545687,0.37390767994553686,0.3899366546852362,0.3755276908800512,0.3911823640991588,0.022506435516949447,39,-0.256132006365878,-0.24907458515845327,-0.26403649585139005,-0.25372827983764323,-0.2615316404318388,-0.2569006015290407,0.005371562245198646,39
28,1.7330472469329834,0.011052382096481274,0.007979154586791992,2.132480599880018e-07,0.01,0.01,9,400,"{'gamma': 0.01, 'learning_rate': 0.01, 'max_depth': 9, 'n_estimators': 400}",0.36858163018312073,0.43204950779387485,0.3597662257519526,0.38382115317770105,0.3680222663003808,0.382448156641406,0.02598859754839707,40,-0.25885112141117544,-0.24967157298046072,-0.26700172211209267,-0.2549968418777853,-0.2630985980024604,-0.2587239712767949,0.006058252116069255,40
17,0.531651496887207,0.0017591079024249622,0.00518641471862793,0.0003985884800268756,0.01,0.01,3,300,"{'gamma': 0.01, 'learning_rate': 0.01, 'max_depth': 3, 'n_estimators': 300}",0.3601048710968884,0.39625465992440423,0.39881543648546947,0.35945059933368206,0.38486395944045104,0.379897905256179,0.01708762491376632,41,-0.26058286014726845,-0.2574190914513697,-0.25873112834566875,-0.25999064641460795,-0.2595692436802407,-0.2592585940078311,0.001099824934549552,41
77,0.5297111988067627,0.0020573079891254204,0.005585479736328125,0.00048826631135738416,0.1,0.01,3,300,"{'gamma': 0.1, 'learning_rate': 0.01, 'max_depth': 3, 'n_estimators': 300}",0.3600524412551579,0.39624790518432607,0.3977201935386969,0.35936280573226176,0.38490079689887635,0.3796568285218638,0.016883290828378368,42,-0.26059353536392027,-0.25742053145767296,-0.2589667003438853,-0.2600084629429653,-0.2595614714040695,-0.25931014030250266,0.0010850343135682253,42
80,0.30669164657592773,0.0063190964224837855,0.00478672981262207,0.00039839837309879497,0.1,0.01,6,100,"{'gamma': 0.1, 'learning_rate': 0.01, 'max_depth': 6, 'n_estimators': 100}",0.3509467458502177,0.3974897160039731,0.37550047724039437,0.36566792480639587,0.3674501047040186,0.37141099372099995,0.01525962355136843,43,-0.2624409555246115,-0.2571556610348278,-0.2637004236614459,-0.2587258040597683,-0.2632176693316339,-0.2610481027224575,0.002616334761984535,43
20,0.30570011138916015,0.002279674655752173,0.004787254333496094,0.0003990174194594779,0.01,0.01,6,100,"{'gamma': 0.01, 'learning_rate': 0.01, 'max_depth': 6, 'n_estimators': 100}",0.35104386088371253,0.39758039908257703,0.37568802555106007,0.3656475882645496,0.3657328693451457,0.37113854862540896,0.015382052434562511,44,-0.26242132083711045,-0.2571363082161605,-0.26366082372509175,-0.2587299513717017,-0.2635747165250384,-0.26110462413502056,0.0026741654746677544,44
29,2.076234483718872,0.018459468775498263,0.009175634384155274,0.0003987076286349876,0.01,0.01,9,500,"{'gamma': 0.01, 'learning_rate': 0.01, 'max_depth': 9, 'n_estimators': 500}",0.36255586481471713,0.4222823506645209,0.3448597053061119,0.37257538477936936,0.351047259001516,0.370664112913247,0.02751191569218673,45,-0.2600833253876413,-0.25180924740549226,-0.27009212886444867,-0.25731327104514534,-0.2666086162352307,-0.2611813177875916,0.006524740587123837,45
85,0.45510163307189944,0.0026664649195120463,0.0054875373840332035,0.0006333554008588054,0.1,0.01,9,100,"{'gamma': 0.1, 'learning_rate': 0.01, 'max_depth': 9, 'n_estimators': 100}",0.3453810494672537,0.3910587095675777,0.3606752316207137,0.3518682240025476,0.36305401068248344,0.36240744506811523,0.015654308645003417,46,-0.26356378225819127,-0.2585244178802691,-0.266812109854763,-0.2615249130000199,-0.2641307404843869,-0.262911192695526,0.002767521971142764,46
25,0.45171070098876953,0.006404353119886354,0.005189943313598633,0.0002487469562260832,0.01,0.01,9,100,"{'gamma': 0.01, 'learning_rate': 0.01, 'max_depth': 9, 'n_estimators': 100}",0.34255675096087634,0.3911127565674756,0.35658237730888787,0.35376867232178166,0.3598364348108165,0.3607713983939676,0.016247040493087044,47,-0.2641317322304953,-0.2585129448701004,-0.2676647914504389,-0.2611412105873814,-0.26479703725985376,-0.26324954327965394,0.0031479467151796503,47
105,0.17644381523132324,0.0017023022902660908,0.004388332366943359,0.0004883246709844104,0.1,1,3,100,"{'gamma': 0.1, 'learning_rate': 1, 'max_depth': 3, 'n_estimators': 100}",0.35310661399733,0.3937199126879908,0.35318834011949163,0.3370147059103369,0.3576268885638989,0.35893129225580966,0.018757370357591435,48,-0.2620039265038544,-0.2579588959599564,-0.2683698307075586,-0.2645046777127074,-0.2652536215955344,-0.2636181904959222,0.0034834477762366763,48
106,0.34179277420043946,0.0025474881875541472,0.004587745666503907,0.0004884025536674527,0.1,1,3,200,"{'gamma': 0.1, 'learning_rate': 1, 'max_depth': 3, 'n_estimators': 200}",0.35310661111798247,0.3937199123340941,0.35318833917872205,0.33701470580305826,0.35762688925919484,0.35893129153861036,0.018757370478149148,49,-0.26200392708694925,-0.2579588960352441,-0.2683698309027268,-0.26450467773410735,-0.26525362145198095,-0.2636181906422017,0.0034834477385857136,49
107,0.5052675724029541,0.003230967569208127,0.004587841033935547,0.0004883831586513309,0.1,1,3,300,"{'gamma': 0.1, 'learning_rate': 1, 'max_depth': 3, 'n_estimators': 300}",0.35310661082887307,0.3937199122350029,0.35318833871839106,0.33701470580305826,0.35762688956764144,0.3589312914305934,0.018757370483246293,50,-0.2620039271454966,-0.2579588960563246,-0.2683698309982252,-0.26450467773410735,-0.2652536213882979,-0.2636181906644903,0.0034834477463833342,50
108,0.6689923763275146,0.0042488959133410225,0.00458831787109375,0.0004885780747305744,0.1,1,3,400,"{'gamma': 0.1, 'learning_rate': 1, 'max_depth': 3, 'n_estimators': 400}",0.3531066107235772,0.3937199122350029,0.35318833835443786,0.33701470580305826,0.3576268898760875,0.3589312913984327,0.01875737050778218,51,-0.26200392716682,-0.2579588960563246,-0.26836983107372947,-0.26450467773410735,-0.26525362132461494,-0.2636181906711193,0.0034834477590258905,51
109,0.8360670566558838,0.008898769791655551,0.004787540435791016,0.0003989221660422917,0.1,1,3,500,"{'gamma': 0.1, 'learning_rate': 1, 'max_depth': 3, 'n_estimators': 500}",0.35310661063511706,0.3937199122350029,0.35318833801673366,0.33701470580305826,0.3576268899223545,0.35893129132245327,0.01875737053331156,52,-0.26200392718473403,-0.2579588960563246,-0.2683698311437882,-0.26450467773410735,-0.26525362131506247,-0.26361819068680337,0.0034834477755815345,52
16,0.3607499122619629,0.0020345402888412786,0.004986858367919922,2.86102294921875e-07,0.01,0.01,3,200,"{'gamma': 0.01, 'learning_rate': 0.01, 'max_depth': 3, 'n_estimators': 200}",0.32774305911132784,0.36422376688436786,0.3718100571392283,0.3345936468398436,0.35290714921178,0.35025553583730956,0.01684545218112804,53,-0.267090900255628,-0.26415935878898283,-0.26447843215807404,-0.26498719059123554,-0.2662262936729991,-0.2653884350933839,0.0011045474804558294,53
76,0.35975399017333987,0.001882469414287711,0.004986286163330078,5.001110306597479e-07,0.1,0.01,3,200,"{'gamma': 0.1, 'learning_rate': 0.01, 'max_depth': 3, 'n_estimators': 200}",0.32774305911132784,0.36422376688436786,0.3714926364885529,0.3345936468398436,0.352969615756613,0.350204545016141,0.016766547214325356,54,-0.267090900255628,-0.26415935878898283,-0.26454524341053254,-0.26498719059123554,-0.2662134434011603,-0.2653992272895079,0.0010918829521192437,54
36,0.530103063583374,0.0030202164813476623,0.005585527420043946,0.0004883056640109445,0.01,0.1,6,200,"{'gamma': 0.01, 'learning_rate': 0.1, 'max_depth': 6, 'n_estimators': 200}",0.34340219584726583,0.402484050618251,0.33108137255609305,0.34183735800499526,0.3304714757268802,0.3498552905506971,0.026847377278978946,55,-0.2639618463427369,-0.2560876344431001,-0.2729175205701768,-0.26354089897139427,-0.2708021994444027,-0.26546201995436214,0.005965271776344115,55
37,0.7661839962005615,0.010766814564213877,0.005185937881469727,0.0003989461610585394,0.01,0.1,6,300,"{'gamma': 0.01, 'learning_rate': 0.1, 'max_depth': 6, 'n_estimators': 300}",0.3240729982061983,0.4024847671225774,0.3091436917012772,0.3202000039323577,0.33047165114933474,0.33727462242234907,0.03333412105252855,56,-0.2678189742940452,-0.2560874809007945,-0.2773566836921935,-0.26783787340008275,-0.2708021639681027,-0.26798063525104376,0.006890064503064337,56
38,1.0019709587097168,0.01436646691879501,0.005585813522338867,0.0004886361784207821,0.01,0.1,6,400,"{'gamma': 0.01, 'learning_rate': 0.1, 'max_depth': 6, 'n_estimators': 400}",0.32407265258755824,0.40248476591075344,0.30914357687924554,0.3201996985980057,0.3304716498313447,0.3372744687613815,0.03333419866805922,57,-0.2678190427653577,-0.2560874811604807,-0.27735670674087687,-0.2678379335501966,-0.2708021642346445,-0.2679806656903113,0.0068900701376961235,57
39,1.2295769214630128,0.01288307265781388,0.00598292350769043,0.0006284155734040348,0.01,0.1,6,500,"{'gamma': 0.01, 'learning_rate': 0.1, 'max_depth': 6, 'n_estimators': 500}",0.32407265145953434,0.4024847647515374,0.30914357453647134,0.32019969693136086,0.33047164868732903,0.3372744672732465,0.033334198916714235,58,-0.267819042988833,-0.25608748140889337,-0.27735670721115124,-0.2678379338785215,-0.2708021644660028,-0.2679806659906804,0.0068900701964673666,58
40,0.39019317626953126,0.003979935568905936,0.00578455924987793,0.00039877904369457556,0.01,0.1,9,100,"{'gamma': 0.01, 'learning_rate': 0.1, 'max_depth': 9, 'n_estimators': 100}",0.3176854481280328,0.39153068550322523,0.2941121891484716,0.3279131890129311,0.31494481396733687,0.32923726515199947,0.03302639247132916,59,-0.2690814512474357,-0.2584242103904173,-0.2803577806809551,-0.2663140600776666,-0.2739242141767903,-0.269620343314653,0.007353790472316399,59
41,0.70535306930542,0.016280403049148,0.005385732650756836,0.0004886360620900065,0.01,0.1,9,200,"{'gamma': 0.01, 'learning_rate': 0.1, 'max_depth': 9, 'n_estimators': 200}",0.3176289109314019,0.3611703182022381,0.2848346943330873,0.29372607154562325,0.3149643043847766,0.3144648598794254,0.02645639640191039,60,-0.2690925991818797,-0.26479293933179404,-0.2821941399557535,-0.27300336282745846,-0.2739203174576904,-0.27260067175091524,0.005782828300580878,60
42,0.9995689868927002,0.021510583928991786,0.005585289001464844,0.0004880133653959906,0.01,0.1,9,300,"{'gamma': 0.01, 'learning_rate': 0.1, 'max_depth': 9, 'n_estimators': 300}",0.3176289017949998,0.3611700922945372,0.2848346512171499,0.29372581622146277,0.31496430578165413,0.31446475346196073,0.026456366113140405,61,-0.26909260098334686,-0.2647929861508137,-0.2821941484622237,-0.2730034121739976,-0.2739203171784107,-0.2726006929897585,0.005782818936317423,61
43,1.2958900451660156,0.03133851211934675,0.00578455924987793,0.0003987791007120299,0.01,0.1,9,400,"{'gamma': 0.01, 'learning_rate': 0.1, 'max_depth': 9, 'n_estimators': 400}",0.3176289017949998,0.3611700922945372,0.284834650821039,0.2937258155552481,0.3149643052960993,0.3144647531523847,0.026456366304480596,62,-0.26909260098334686,-0.2647929861508137,-0.28219414854037356,-0.27300341230275704,-0.2739203172754883,-0.2726006930505559,0.005782818968470851,62
44,1.6014001846313477,0.03997306600549358,0.005385637283325195,0.0004883247641083777,0.01,0.1,9,500,"{'gamma': 0.01, 'learning_rate': 0.1, 'max_depth': 9, 'n_estimators': 500}",0.3176289017949998,0.3611700922945372,0.2848346504249254,0.2937258148890308,0.31496430481054183,0.314464752842807,0.026456366495821795,63,-0.26909260098334686,-0.2647929861508137,-0.28219414861852393,-0.27300341243151693,-0.27392031737256656,-0.2726006931113536,0.005782819000624478,63
75,0.18960070610046387,0.0031916501135942437,0.004786920547485351,0.0003986122897811368,0.1,0.01,3,100,"{'gamma': 0.1, 'learning_rate': 0.01, 'max_depth': 3, 'n_estimators': 100}",0.25426432963423495,0.28208185946379905,0.29630916336516955,0.26379092445300156,0.272807217091092,0.2738506988014594,0.014546810011718956,64,-0.2813091788151406,-0.2807057578238337,-0.27992115406081824,-0.2787288947283924,-0.2822230137816603,-0.28057759984196906,0.0011922794098522239,64
15,0.18840394020080567,0.003919157975928824,0.004388999938964844,0.00048807164346153424,0.01,0.01,3,100,"{'gamma': 0.01, 'learning_rate': 0.01, 'max_depth': 3, 'n_estimators': 100}",0.25426432963423495,0.28208185946379905,0.29630916336516955,0.26379092445300156,0.272807217091092,0.2738506988014594,0.014546810011718956,64,-0.2813091788151406,-0.2807057578238337,-0.27992115406081824,-0.2787288947283924,-0.2822230137816603,-0.28057759984196906,0.0011922794098522239,64
9,1.4849941730499268,0.0042947262206238495,0.006981897354125977,0.0006312034401757783,0.01,0.001,6,500,"{'gamma': 0.01, 'learning_rate': 0.001, 'max_depth': 6, 'n_estimators': 500}",0.24800348296192354,0.2846106262906313,0.2732948124250346,0.2597123808365287,0.26473648366111435,0.2660715572350465,0.012365673057636587,66,-0.28248758057315193,-0.28021094821440296,-0.2844617662751487,-0.2794998970701593,-0.2837848153519308,-0.2820890014969587,0.0019439757441029899,66
69,1.4930684566497803,0.005958440946415229,0.006981086730957031,3.5040231839893024e-07,0.1,0.001,6,500,"{'gamma': 0.1, 'learning_rate': 0.001, 'max_depth': 6, 'n_estimators': 500}",0.24772911941538778,0.2844413570779236,0.2731495816292807,0.2602189362590034,0.26469173333129214,0.2660461455425775,0.012330019126382655,67,-0.28253910822300987,-0.2802440967926377,-0.2844901894552268,-0.27940425423275356,-0.2837934512155208,-0.2820942199838298,0.00197407464886875,67
74,2.236514949798584,0.03130705390855139,0.00857682228088379,0.0004883832052077407,0.1,0.001,9,500,"{'gamma': 0.1, 'learning_rate': 0.001, 'max_depth': 9, 'n_estimators': 500}",0.25180744364953334,0.28676419302970035,0.2664820088330495,0.255549738103258,0.2695399468773412,0.26602866609857645,0.012284525137992301,68,-0.2817721955945665,-0.2797888649161129,-0.28579205896869575,-0.2802846104937646,-0.2828563158737408,-0.2820988091693761,0.0021423233277148637,68
14,2.214759874343872,0.027949396543544575,0.008877754211425781,0.00019633835854388008,0.01,0.001,9,500,"{'gamma': 0.01, 'learning_rate': 0.001, 'max_depth': 9, 'n_estimators': 500}",0.24966879070543324,0.2870919743087873,0.26566788335589886,0.2567073572186942,0.27009403550975175,0.26584600821971305,0.01276468446930718,69,-0.2821746206881007,-0.2797245663417385,-0.28595061409289885,-0.2800666046225481,-0.2827490155490033,-0.2821330842588579,0.00223722718145902,69
73,1.78251953125,0.01625130117807779,0.007579421997070313,0.0004884999593777486,0.1,0.001,9,400,"{'gamma': 0.1, 'learning_rate': 0.001, 'max_depth': 9, 'n_estimators': 400}",0.2165398129953372,0.24872394025499522,0.23278335077766343,0.22067880592577171,0.23494947471609684,0.23073507693397288,0.011385867405385143,70,-0.28833669120246314,-0.28715318136001355,-0.29228315157321716,-0.2867739199894233,-0.2894760941121313,-0.28880460764744964,0.001980959810926462,71
13,1.7796069145202638,0.020697257978096385,0.007779216766357422,0.0003990415853858492,0.01,0.001,9,400,"{'gamma': 0.01, 'learning_rate': 0.001, 'max_depth': 9, 'n_estimators': 400}",0.21484294295923378,0.24908314641668317,0.23260416492249136,0.22130078262172126,0.23583381994277686,0.23073297137258128,0.011897126822853592,71,-0.2886487716775994,-0.2870845251562822,-0.29231728140401997,-0.2866594599314617,-0.2893087386140183,-0.28880375535667635,0.00200886279615517,70
8,1.1927996158599854,0.005691233144624702,0.006382894515991211,0.0004890451379192516,0.01,0.001,6,400,"{'gamma': 0.01, 'learning_rate': 0.001, 'max_depth': 6, 'n_estimators': 400}",0.2121865142180127,0.24623654145817964,0.23761676444700597,0.22358359355804014,0.23012346045528775,0.22994937482730524,0.011663047238533467,72,-0.28913665331994365,-0.2876281560587032,-0.2913610147576804,-0.28623897045569846,-0.29038768067106596,-0.28895049505261833,0.001844543775863764,72
68,1.1891512870788574,0.0026447180010844484,0.0065825462341308595,0.0004886558100057752,0.1,0.001,6,400,"{'gamma': 0.1, 'learning_rate': 0.001, 'max_depth': 6, 'n_estimators': 400}",0.21189117759858445,0.24620486891972904,0.23752812897115072,0.22372031650247526,0.23032673004395454,0.2299342444071788,0.011719381465236631,73,-0.289190844217762,-0.2876341989479101,-0.291377951234258,-0.2862137667392603,-0.290349342783046,-0.2889532207844473,0.0018509114703963716,73
45,0.18202147483825684,0.001668725059726098,0.004587841033935547,0.0004878977064561353,0.01,1,3,100,"{'gamma': 0.01, 'learning_rate': 1, 'max_depth': 3, 'n_estimators': 100}",0.222994174402376,0.3109148377314078,0.189448523752068,0.21343389859262862,0.18656149403095057,0.2246705857018862,0.04529909715689427,74,-0.2871465362774841,-0.275011152805392,-0.3004243102005309,-0.28810382357872333,-0.2984901530521084,-0.2898351951828477,0.00913253983649634,74
114,1.1971565246582032,0.04390585749029988,0.0047873973846435545,0.0003990890696467079,0.1,1,6,500,"{'gamma': 0.1, 'learning_rate': 1, 'max_depth': 6, 'n_estimators': 500}",0.15198165166104483,0.3442260156902124,0.196447896054885,0.1677046537815018,0.15814166897419357,0.2037003772323675,0.07189738260443292,75,-0.2999812213664289,-0.26828163784293646,-0.29912436756091093,-0.29636037957828093,-0.3036596955414554,-0.29348146037800255,0.012814093779777736,75
113,0.9580176830291748,0.031030346532020706,0.004787635803222656,0.0003990890696467079,0.1,1,6,400,"{'gamma': 0.1, 'learning_rate': 1, 'max_depth': 6, 'n_estimators': 400}",0.15198165193647628,0.34422601472213743,0.19644789588518952,0.1677046537815018,0.15814166886036252,0.2037003770371335,0.07189738220423028,76,-0.2999812213177129,-0.2682816380409595,-0.2991243675924958,-0.29636037957828093,-0.3036596955619849,-0.2934814604182868,0.012814093702993478,76
112,0.7291793823242188,0.02718886649569724,0.004787635803222656,0.0003989705193684402,0.1,1,6,300,"{'gamma': 0.1, 'learning_rate': 1, 'max_depth': 6, 'n_estimators': 300}",0.1519816524818306,0.3442260137540617,0.19644789563573684,0.1677046537815018,0.15814166867064405,0.203700376864755,0.07189738177642054,77,-0.299981221221255,-0.26828163823898277,-0.2991243676389254,-0.29636037957828093,-0.3036596955962008,-0.293481460454729,0.012814093624847511,77
111,0.4974987030029297,0.014527145631320952,0.040493202209472653,0.07250938905618812,0.1,1,6,200,"{'gamma': 0.1, 'learning_rate': 1, 'max_depth': 6, 'n_estimators': 200}",0.1519816536979296,0.3442260127859852,0.19644789511461536,0.1677046537815018,0.1581416677491405,0.2037003766258345,0.07189738135033347,78,-0.29998122100616126,-0.2682816384370061,-0.2991243677359198,-0.29636037957828093,-0.3036596957623947,-0.2934814605039526,0.012814093560085706,78
110,0.2571199893951416,0.00944482231640893,0.004388332366943359,0.0004886168764395594,0.1,1,6,100,"{'gamma': 0.1, 'learning_rate': 1, 'max_depth': 6, 'n_estimators': 100}",0.15198165783119288,0.3442260118179079,0.19644789335962476,0.1677046537815018,0.15814166186580114,0.2037003757312057,0.07189738115827816,79,-0.29998122027510316,-0.26828163863502963,-0.29912436806256976,-0.29636037957828093,-0.30365969682345983,-0.2934814606748887,0.012814093605366568,79
4,0.8896615982055665,0.005534914017686217,0.005984258651733398,2.7804145311571603e-07,0.01,0.001,3,500,"{'gamma': 0.01, 'learning_rate': 0.001, 'max_depth': 3, 'n_estimators': 500}",0.17143755428404128,0.19502318199457624,0.2063638727419782,0.18122464347265355,0.1866720347206693,0.1881442574427837,0.011903246719390142,80,-0.2965200516270555,-0.2972388306347915,-0.29727301422451863,-0.2939434523382188,-0.2984698709851879,-0.29668904396195445,0.0015087387655554618,80
64,0.9178820133209229,0.015257367732041725,0.005287599563598633,0.0006017926826391416,0.1,0.001,3,500,"{'gamma': 0.1, 'learning_rate': 0.001, 'max_depth': 3, 'n_estimators': 500}",0.17143755428404128,0.19502318199457624,0.2063638727419782,0.18122464347265355,0.1866720347206693,0.1881442574427837,0.011903246719390142,80,-0.2965200516270555,-0.2972388306347915,-0.29727301422451863,-0.2939434523382188,-0.2984698709851879,-0.29668904396195445,0.0015087387655554618,80
72,1.33428955078125,0.010255730729329638,0.006782150268554688,0.00039844524352499795,0.1,0.001,9,300,"{'gamma': 0.1, 'learning_rate': 0.001, 'max_depth': 9, 'n_estimators': 300}",0.17257422078845341,0.2023878727511348,0.19209621141585542,0.1775958278799138,0.19206407995379904,0.18734364255783129,0.010810680019919312,82,-0.2963165907499776,-0.2958759950961231,-0.29993323690076445,-0.2945941114713392,-0.2974788566872431,-0.2968397581810895,0.0018013067523096743,82
12,1.337491798400879,0.011628890904078197,0.0071812629699707035,0.00039930352169315655,0.01,0.001,9,300,"{'gamma': 0.01, 'learning_rate': 0.001, 'max_depth': 9, 'n_estimators': 300}",0.1709464254737859,0.20297521848917688,0.19200860822980326,0.17793817768374776,0.19234639152029653,0.18724296427936207,0.011387856558805944,83,-0.29660791945579357,-0.2957670364288286,-0.29994949774475055,-0.29453278837877767,-0.29742687913709326,-0.29685682422904874,0.0018188087168205477,83
7,0.8958178997039795,0.004518652228215745,0.00638284683227539,0.0004883052449365598,0.01,0.001,6,300,"{'gamma': 0.01, 'learning_rate': 0.001, 'max_depth': 6, 'n_estimators': 300}",0.16833072519275782,0.19972366057095636,0.19436328633412903,0.17973548361995317,0.18782605888602721,0.1859958429207647,0.01107307780259734,84,-0.29707545644937017,-0.29636973086250545,-0.29951211694889696,-0.29421063791852053,-0.29825804763318375,-0.2970851979624954,0.0017911223091264823,84
67,0.8989455223083496,0.006681518756731834,0.006482696533203125,0.00044416531776335247,0.1,0.001,6,300,"{'gamma': 0.1, 'learning_rate': 0.001, 'max_depth': 6, 'n_estimators': 300}",0.16809994683627383,0.19969031509396695,0.19426143598708412,0.17946488121703996,0.18805422210093448,0.18591416024705987,0.011162246358475089,85,-0.2971166710476961,-0.2963759052841461,-0.2995310488374633,-0.29425916344837866,-0.29821615002255053,-0.2970997877280469,0.0017748652057021637,85
3,0.7168140411376953,0.002480752512780692,0.005385637283325195,0.0004885195871281405,0.01,0.001,3,400,"{'gamma': 0.01, 'learning_rate': 0.001, 'max_depth': 3, 'n_estimators': 400}",0.1448119203275834,0.167387802713461,0.1775746234622686,0.15485457651361811,0.16083238013246515,0.16109226062987925,0.011093492290802118,86,-0.30124667619369994,-0.3022979775640108,-0.3026167921568348,-0.29863941848433867,-0.30317403518165004,-0.30159497991610684,0.0016055142690052718,86
63,0.7137194633483886,0.002129732031474813,0.005385684967041016,0.0004880911393662844,0.1,0.001,3,400,"{'gamma': 0.1, 'learning_rate': 0.001, 'max_depth': 3, 'n_estimators': 400}",0.1448119203275834,0.167387802713461,0.1775746234622686,0.15485457651361811,0.16083238013246515,0.16109226062987925,0.011093492290802118,86,-0.30124667619369994,-0.3022979775640108,-0.3026167921568348,-0.29863941848433867,-0.30317403518165004,-0.30159497991610684,0.0016055142690052718,86
119,1.5900547981262207,0.04048553724404329,0.00458674430847168,0.0004904121091595387,0.1,1,9,500,"{'gamma': 0.1, 'learning_rate': 1, 'max_depth': 9, 'n_estimators': 500}",0.11230997588378999,0.2591998494719715,0.14554705226973963,0.11074950931855199,0.1293755828131018,0.151436393951431,0.05535453956304809,88,-0.30691782659144085,-0.28514409891550124,-0.3084528933034003,-0.3063327756047576,-0.30880410634367017,-0.30313034015175405,0.009040207022217755,88
118,1.287109613418579,0.03581233719717831,0.004986953735351562,6.468133910298603e-07,0.1,1,9,400,"{'gamma': 0.1, 'learning_rate': 1, 'max_depth': 9, 'n_estimators': 400}",0.11230997588378999,0.2591998494719715,0.14554704957027764,0.11074950931855199,0.12937558421442008,0.15143639369180223,0.055354539508793606,89,-0.30691782659144085,-0.28514409891550124,-0.3084528937906459,-0.3063327756047576,-0.30880410609515146,-0.3031303401994994,0.009040207048397546,89
117,0.9659457206726074,0.023767555789672636,0.004786968231201172,0.0003989935882917003,0.1,1,9,300,"{'gamma': 0.1, 'learning_rate': 1, 'max_depth': 9, 'n_estimators': 300}",0.11230997588378999,0.2591998494719715,0.14554704670268281,0.11074950797234862,0.12937558561573825,0.15143639312930623,0.055354539656015014,90,-0.30691782659144085,-0.28514409891550124,-0.30845289430823897,-0.30633277583663054,-0.3088041058466328,-0.3031303402996889,0.009040207094578756,90
116,0.6460002899169922,0.013170590836839205,0.004787349700927734,0.0003989459615809806,0.1,1,9,200,"{'gamma': 0.1, 'learning_rate': 1, 'max_depth': 9, 'n_estimators': 200}",0.11230997618490346,0.2591998494719715,0.1455470425582508,0.11074950628959435,0.1293755884833263,0.15143639259760927,0.05535453972044058,91,-0.30691782653938604,-0.28514409891550124,-0.30845289505629775,-0.30633277612647164,-0.30880410533807656,-0.30313034039514664,0.009040207135002507,91
115,0.33202648162841797,0.0042366298365197185,0.00498666763305664,7.629394531249999e-07,0.1,1,9,100,"{'gamma': 0.1, 'learning_rate': 1, 'max_depth': 9, 'n_estimators': 100}",0.11230997838122936,0.25919984984499556,0.14554703453762585,0.11074950261757588,0.12937559366150952,0.15143639180858723,0.055354539852926314,92,-0.3069178261596974,-0.2851440988437102,-0.3084528965039989,-0.3063327767589479,-0.30880410441974476,-0.3031303405372198,0.009040207231764028,92
46,0.35157456398010256,0.0016679144943800947,0.004787635803222656,0.00039932760197865875,0.01,1,3,200,"{'gamma': 0.01, 'learning_rate': 1, 'max_depth': 3, 'n_estimators': 200}",0.16639634966316752,0.20341439617836454,0.1481224380785653,0.09726952665678912,0.1044621199323238,0.14393296610184206,0.039485744462008324,93,-0.2974207389743598,-0.29568553822126115,-0.3079876923264008,-0.3086458634207093,-0.3131912539086254,-0.3045862173702713,0.006821489305339722,93
11,0.8947545528411865,0.007135359365835145,0.006182098388671875,0.00039952872298317654,0.01,0.001,9,200,"{'gamma': 0.01, 'learning_rate': 0.001, 'max_depth': 9, 'n_estimators': 200}",0.11728911713039059,0.14652997238305687,0.14077715238860633,0.12503318095076865,0.13983523694272193,0.13389293195910887,0.010923187491870946,94,-0.3060558499230104,-0.3060610009980079,-0.30931264912850787,-0.3038625661014693,-0.30694351983219403,-0.3064471171966379,0.001757257464969046,94
71,0.8971360683441162,0.0038805549209524727,0.00638275146484375,0.000488383065538498,0.1,0.001,9,200,"{'gamma': 0.1, 'learning_rate': 0.001, 'max_depth': 9, 'n_estimators': 200}",0.11846216543398536,0.14601076802802004,0.14055371987687226,0.12434094595215583,0.13929535260968107,0.1337325903801429,0.010484413580971791,95,-0.3058524211117741,-0.30615408220711493,-0.30935286338142504,-0.30398274363913136,-0.3070398316145809,-0.30647638839080527,0.00174946032975756,95
48,0.6822575569152832,0.0075176400327434416,0.004987096786499024,2.4314019744838644e-07,0.01,1,3,400,"{'gamma': 0.01, 'learning_rate': 1, 'max_depth': 3, 'n_estimators': 400}",0.16639635075557702,0.19541004657818084,0.1481224326999988,0.047762136256556675,0.10446212676837963,0.1324306186117386,0.05160872169846794,96,-0.29742073877947983,-0.2971673969033329,-0.30798769329868386,-0.3169962556393328,-0.3131912527132584,-0.30655266746681753,0.008082995388219882,96
49,0.8474947452545166,0.009472474283903286,0.0047872066497802734,0.0003991127014160156,0.01,1,3,500,"{'gamma': 0.01, 'learning_rate': 1, 'max_depth': 3, 'n_estimators': 500}",0.16639635075557702,0.19541004683385332,0.14812243122027402,0.04776213487656622,0.10446212750806916,0.13243061823886795,0.05160872204351132,97,-0.29742073877947983,-0.29716739685611787,-0.30798769356617356,-0.3169962558690295,-0.3131912525839147,-0.3065526675309431,0.008082995446791717,97
47,0.5196333885192871,0.005480821044021836,0.004987382888793945,3.234066955149302e-07,0.01,1,3,300,"{'gamma': 0.01, 'learning_rate': 1, 'max_depth': 3, 'n_estimators': 300}",0.1663963506605617,0.19541004530964445,0.1481224343053339,0.046851803497364175,0.10446212549197198,0.13224855185297524,0.05190783502096497,98,-0.29742073879643005,-0.29716739713759366,-0.30798769300848755,-0.317147742548097,-0.3131912529364537,-0.3065829648854124,0.00812227261358109,98
6,0.5992460727691651,0.005440527278847714,0.00578465461730957,0.00039894584759375934,0.01,0.001,6,200,"{'gamma': 0.01, 'learning_rate': 0.001, 'max_depth': 6, 'n_estimators': 200}",0.11467458067904157,0.14303865779784852,0.14103157088996254,0.12563569071903002,0.13587637308806766,0.13205137463479005,0.010574581765173478,99,-0.3065087742810625,-0.30668636840353797,-0.30926685152945066,-0.30375792688041336,-0.3076490548081459,-0.3067737951805221,0.0017974843808370713,99
66,0.599424934387207,0.0031865351266266435,0.005385589599609375,0.0004884609249461174,0.1,0.001,6,200,"{'gamma': 0.1, 'learning_rate': 0.001, 'max_depth': 6, 'n_estimators': 200}",0.11464061852558127,0.14292738278872386,0.14093683716592242,0.12520526343478178,0.1360206082977442,0.1319461420425507,0.010610769161494399,100,-0.3065146532482601,-0.30670627911538434,-0.3092839052370238,-0.3038326838274965,-0.30762337811307355,-0.30679217990824764,0.0017744070905499813,100
62,0.5397776603698731,0.0022197673053982667,0.005186796188354492,0.0003988744395974553,0.1,0.001,3,300,"{'gamma': 0.1, 'learning_rate': 0.001, 'max_depth': 3, 'n_estimators': 300}",0.11288269894355196,0.1345394689708369,0.14353125431040248,0.1228227116031837,0.1294064668085505,0.12863652012730512,0.010385316372371712,101,-0.30681880143990486,-0.3082034463438877,-0.3088165250436675,-0.3042461550475042,-0.3087986291315644,-0.3073767114013058,0.0017256912024460622,101
2,0.5392727851867676,0.0024703882188057548,0.0055850505828857425,0.0004886945962373333,0.01,0.001,3,300,"{'gamma': 0.01, 'learning_rate': 0.001, 'max_depth': 3, 'n_estimators': 300}",0.11288269894355196,0.1345394689708369,0.14353125431040248,0.1228227116031837,0.1294064668085505,0.12863652012730512,0.010385316372371712,101,-0.30681880143990486,-0.3082034463438877,-0.3088165250436675,-0.3042461550475042,-0.3087986291315644,-0.3073767114013058,0.0017256912024460622,101
61,0.3619640350341797,0.0005320834259725883,0.0050887584686279295,0.00048629987845266086,0.1,0.001,3,200,"{'gamma': 0.1, 'learning_rate': 0.001, 'max_depth': 3, 'n_estimators': 200}",0.07393367353119906,0.09490650490729213,0.10289009614566436,0.08398031711123055,0.09148609849084832,0.08943933803724688,0.009851178374948866,103,-0.3134819147920823,-0.31518139914757426,-0.3160585895778393,-0.3109093709184956,-0.31545210787414735,-0.3142166764620278,0.0018615998082379612,103
1,0.36626415252685546,0.003894410324019724,0.004792070388793946,0.0004015425182698216,0.01,0.001,3,200,"{'gamma': 0.01, 'learning_rate': 0.001, 'max_depth': 3, 'n_estimators': 200}",0.07393367353119906,0.09490650490729213,0.10289009614566436,0.08398031711123055,0.09148609849084832,0.08943933803724688,0.009851178374948866,103,-0.3134819147920823,-0.31518139914757426,-0.3160585895778393,-0.3109093709184956,-0.31545210787414735,-0.3142166764620278,0.0018615998082379612,103
70,0.4540135860443115,0.0022954711241340974,0.005385923385620117,0.000488480591502663,0.1,0.001,9,100,"{'gamma': 0.1, 'learning_rate': 0.001, 'max_depth': 9, 'n_estimators': 100}",0.05215619106981195,0.07539028994621977,0.0755785424480152,0.05993371094483868,0.07525628320045308,0.06766300352186774,0.009800283714434975,105,-0.31714643458202657,-0.31856134937154923,-0.3208335531215168,-0.3149638052454281,-0.31825727493266154,-0.3179524834506364,0.0019155203052176287,105
10,0.45729823112487794,0.0039018402608481076,0.005385303497314453,0.0004889866503834146,0.01,0.001,9,100,"{'gamma': 0.01, 'learning_rate': 0.001, 'max_depth': 9, 'n_estimators': 100}",0.05131287216726799,0.07566351834054763,0.07549527119286059,0.06014886270228814,0.0755055418529591,0.06762521325118469,0.010105840180360863,106,-0.3172874895304841,-0.31851427738203064,-0.32084800303006683,-0.3149277605032715,-0.31821437995300855,-0.31795838207977234,0.0019162060268769745,106
5,0.307590913772583,0.002842410227047471,0.004986953735351562,2.3360154559928684e-07,0.01,0.001,6,100,"{'gamma': 0.01, 'learning_rate': 0.001, 'max_depth': 6, 'n_estimators': 100}",0.04997322384786962,0.07364244657462538,0.07531341123328328,0.05971117835249784,0.07313610764871514,0.06635527353139825,0.009918128714171108,107,-0.31751143254084474,-0.3188623047096105,-0.32087955859373124,-0.3150010821723164,-0.31862190297219195,-0.31817525619773895,0.001923581193445355,107
65,0.3038140296936035,0.003685631311259342,0.005092144012451172,0.00020455008022700688,0.1,0.001,6,100,"{'gamma': 0.1, 'learning_rate': 0.001, 'max_depth': 6, 'n_estimators': 100}",0.049998912060005396,0.07361271209031406,0.07536509537264913,0.05943866552579502,0.07322111310980817,0.06632729963171435,0.009963464973137619,108,-0.31750713984279894,-0.3188674221343459,-0.32087059089820363,-0.3150467253909799,-0.3186072917530955,-0.3181798340038848,0.0019060197923134758,108
0,0.18769254684448242,0.003525543293507164,0.004787254333496094,0.00039865994494773057,0.01,0.001,3,100,"{'gamma': 0.01, 'learning_rate': 0.001, 'max_depth': 3, 'n_estimators': 100}",0.02681792945986372,0.047253939913670884,0.054136984316667025,0.037164524335592475,0.04813139020323354,0.04270095364580553,0.009632493233454196,109,-0.3213575398683895,-0.3233720188744234,-0.3245330223321041,-0.3187553266862986,-0.32289115448852757,-0.3221818124499486,0.001993397870356475,109
60,0.18639307022094725,0.002128610390895704,0.004587650299072266,0.000488129956491739,0.1,0.001,3,100,"{'gamma': 0.1, 'learning_rate': 0.001, 'max_depth': 3, 'n_estimators': 100}",0.02681792945986372,0.047253939913670884,0.054136984316667025,0.037164524335592475,0.04813139020323354,0.04270095364580553,0.009632493233454196,109,-0.3213575398683895,-0.3233720188744234,-0.3245330223321041,-0.3187553266862986,-0.32289115448852757,-0.3221818124499486,0.001993397870356475,109
59,1.6144522190093995,0.02708728010140547,0.004986763000488281,5.001110306597479e-07,0.01,1,9,500,"{'gamma': 0.01, 'learning_rate': 1, 'max_depth': 9, 'n_estimators': 500}",-0.007526716155033197,0.04931093003749931,-0.02718575661733591,-0.054130242128401784,-0.07367658895260143,-0.0226416747631746,0.04247912506693546,111,-0.32697890112077915,-0.32302274822704635,-0.338196622792836,-0.3335251174261718,-0.34292913739571956,-0.33293050539251057,0.007233857108587085,111
58,1.3085530281066895,0.029070118933469006,0.004986619949340821,5.56082906231432e-07,0.01,1,9,400,"{'gamma': 0.01, 'learning_rate': 1, 'max_depth': 9, 'n_estimators': 400}",-0.007526716732735084,0.04931092308036711,-0.027185752366086557,-0.05413024174762415,-0.0736765926604519,-0.022641676085306116,0.04247912341250387,112,-0.3269789012145218,-0.32302274940898484,-0.33819662209298296,-0.33352511736593304,-0.34292913798785785,-0.3329305056140561,0.007233856830200827,112
57,0.9754425048828125,0.016797353526485995,0.004986810684204102,4.1019083342755444e-07,0.01,1,9,300,"{'gamma': 0.01, 'learning_rate': 1, 'max_depth': 9, 'n_estimators': 300}",-0.0075267180275395695,0.04931091572026691,-0.027185747335628063,-0.0541302412738891,-0.07367659636830282,-0.022641677457018526,0.04247912154007641,113,-0.32697890142462727,-0.323022750659383,-0.3381966212648542,-0.33352511729098855,-0.34292913857999613,-0.3329305058439699,0.007233856494996063,113
56,0.6614194869995117,0.011197525339764305,0.004986810684204102,4.862803948967728e-07,0.01,1,9,200,"{'gamma': 0.01, 'learning_rate': 1, 'max_depth': 9, 'n_estimators': 200}",-0.0075267194479848865,0.04931090394537263,-0.02718574180320088,-0.05413023979839027,-0.07367660468205206,-0.022641680357251094,0.042479119110583496,114,-0.3269789016551202,-0.323022752659805,-0.33819662035409,-0.33352511705756577,-0.34292913990768964,-0.3329305063268541,0.007233856139684688,114
55,0.3454922676086426,0.006602903034247498,0.004986619949340821,8.609519045480627e-07,0.01,1,9,100,"{'gamma': 0.01, 'learning_rate': 1, 'max_depth': 9, 'n_estimators': 100}",-0.007526728462338372,0.04931088883380663,-0.027185729071800946,-0.054130231865726186,-0.07367661928821301,-0.022641683970854375,0.042479115410960507,115,-0.32697890311786226,-0.32302275522708995,-0.3381966182582098,-0.3335251158026247,-0.342929142240272,-0.3329305069292118,0.007233855514778973,115
50,0.2657011032104492,0.0017700510379334326,0.004786252975463867,0.00039863714760934236,0.01,1,6,100,"{'gamma': 0.01, 'learning_rate': 1, 'max_depth': 6, 'n_estimators': 100}",-0.01586554535704021,0.032876899339285726,-0.09840953670004415,-0.000694248319744295,-0.11997139684434921,-0.04041276557637843,0.05872768152586371,116,-0.3283292388582816,-0.32580274252134733,-0.34972519385290185,-0.32496164985723625,-0.35024432800931005,-0.3358126306198154,0.011625627731584074,116
51,0.5017791271209717,0.003502267304355573,0.004987001419067383,2.611744678045111e-07,0.01,1,6,200,"{'gamma': 0.01, 'learning_rate': 1, 'max_depth': 6, 'n_estimators': 200}",-0.015865526643318084,0.03287688604141126,-0.09840955575138999,-0.000694253077714091,-0.119971395403766,-0.04041276896695538,0.05872768250019038,117,-0.3283292358341303,-0.3258027447612297,-0.3497251968858032,-0.3249616506297788,-0.350244327784056,-0.3358126311789996,0.011625628260961716,117
52,0.7394935607910156,0.009824860510108951,0.005186605453491211,0.00039908938299899416,0.01,1,6,300,"{'gamma': 0.01, 'learning_rate': 1, 'max_depth': 6, 'n_estimators': 300}",-0.015865523306925366,0.032876879486522514,-0.09840955853205902,-0.0006942550860089547,-0.11997139413110713,-0.04041277031391559,0.05872768107580628,118,-0.32832923529496677,-0.3258027458653294,-0.3497251973284751,-0.32496165095586177,-0.3502443275850592,-0.3358126314059384,0.011625628135916983,118
53,0.9864078998565674,0.017666993497821134,0.004986906051635742,5.761645304486548e-07,0.01,1,6,400,"{'gamma': 0.01, 'learning_rate': 1, 'max_depth': 6, 'n_estimators': 400}",-0.015865520550814693,0.03287687320234345,-0.09840956025291914,-0.0006942565688392577,-0.11997139293511183,-0.04041277142106829,0.058727679553002975,119,-0.32832923484957727,-0.3258027469238311,-0.3497251976024295,-0.3249616511966261,-0.35024432739804967,-0.3358126315941027,0.011625627985173477,119
54,1.2228960037231444,0.019202141248019357,0.005288934707641602,0.0004002704599956969,0.01,1,6,500,"{'gamma': 0.01, 'learning_rate': 1, 'max_depth': 6, 'n_estimators': 500}",-0.015865519431767616,0.03287686754171271,-0.09840956103269516,-0.0006942575774577797,-0.11997139185157413,-0.04041277247035639,0.058727677957717175,120,-0.3283292346687385,-0.32580274787730273,-0.3497251977265668,-0.3249616513603936,-0.3502443272286244,-0.33581263177232523,0.0116256278013397,120
